locale,path,old_url,old_status,old_title,new_title,title_changed,old_description,new_description,description_changed,old_canonical,new_canonical,canonical_self_referencing,new_og_title,new_og_description,new_og_image,new_og_url,old_robots,new_robots,indexable,lang,old_hreflang,new_hreflang,new_jsonld_types
de,/,https://www.ameland-residence.de/,200,Suchen Sie ein Luxusferienhaus auf Ameland? | Ameland Residence,Suchen Sie ein Luxusferienhaus auf Ameland? | Ameland Residence,no,Möchten Sie ein Ferienhaus auf Ameland mieten? Jede Villa verfügt über luxuriöse Einrichtungen ✔️ Sauna ✔️ Solarium ✔️ Luxuriöses Badezimmer,Möchten Sie ein Ferienhaus auf Ameland mieten? Jede Villa verfügt über luxuriöse Einrichtungen ✔️ Sauna ✔️ Solarium ✔️ Luxuriöses Badezimmer,no,,https://ameland-residence.de,NO,Suchen Sie ein Luxusferienhaus auf Ameland? | Ameland Residence,Möchten Sie ein Ferienhaus auf Ameland mieten? Jede Villa verfügt über luxuriöse Einrichtungen ✔️ Sauna ✔️ Solarium ✔️ Luxuriöses Badezimmer,https://ameland-residence.de/media/ameland-residence-20260730-b206f2-header-home-ameland-residence-desktop01.jpg,https://ameland-residence.de,"index, follow",,yes,de,,nl-NL de-DE x-default,Organization WebSite
de,/allgemeine-geschaftsbedingungen,https://www.ameland-residence.de/allgemeine-geschaftsbedingungen,200,Allgemeine Geschäftsbedingungen von Ameland Residence,,,Sehen Sie sich die Allgemeinen Geschäftsbedingungen für die Buchung einer Luxusferienvilla in der Ameland Residence an.,,,,,,,,,,"index, follow",(none = indexable),,,,,
de,/allgemeine-geschaftsbedingungen-watersnip,https://www.ameland-residence.de/allgemeine-geschaftsbedingungen-watersnip,200,Allgemeine Geschäftsbedingungen Watersnip | Ameland Residence,,,Lesen Sie hier die Allgemeinen Geschäftsbedingungen für den Luxusbungalow Watersnip auf Ameland,,,,,,,,,,"index, follow",(none = indexable),,,,,
de,/allgemeine-geschaftsbedingungen-zilt-stern-zee-und-nova,https://www.ameland-residence.de/allgemeine-geschaftsbedingungen-zilt-stern-zee-und-nova,200,"Allgemeine Geschäftsbedingungen Zilt, Stern, Zee und Nova",,,"Allgemeine Geschäftsbedingungen der Luxusvillen Zilt, Stern, Zee und Nova auf Ameland | Ameland Residence",,,,,,,,,,"index, follow",(none = indexable),,,,,
de,/ameland-mit-hund,https://www.ameland-residence.de/ameland-mit-hund,200,Ameland mit hund,,,Möchten Sie ein Ferienhaus mit Sauna auf Ameland mieten? Sauna ✔️ Geräumige Terrasse ✔️ Badezimmer mit Badewanne ✔️ Solarium,,,,,,,,,,"index, follow",(none = indexable),,,,,
de,/blogs,https://www.ameland-residence.de/blogs,200,Blogs,,,,,,,,,,,,,"index, follow",(none = indexable),,,,,
de,/blogs/ameland-mit-hund-ein-unvergesslicher-urlaub-fur-sie-und-ihren-vierbeinigen-freund,https://www.ameland-residence.de/blogs/ameland-mit-hund-ein-unvergesslicher-urlaub-fur-sie-und-ihren-vierbeinigen-freund,200,Ameland mit Hund: ein unvergesslicher Urlaub für Sie und Ihren vierbeinigen Freund,,,"Ameland mit Hund: genießen Sie Strandspaziergänge, Freilaufflächen und hundefreundliche Restaurants. Entdecken Sie den Luxus im Bungalow Watersnip!",,,,,,,,,,"index, follow",(none = indexable),,,,,
de,/blogs/ameland-saisonfuhrer,https://www.ameland-residence.de/blogs/ameland-saisonfuhrer,200,Ameland Saisonführer,,,"Der Frühling ist eine wunderbare Zeit, um auf Ameland zu sein. ",,,,,,,,,,"index, follow",(none = indexable),,,,,
de,/blogs/auf-reisen-nach-ameland-luxus-cottages-fur-einen-unvergesslichen-urlaub,https://www.ameland-residence.de/blogs/auf-reisen-nach-ameland-luxus-cottages-fur-einen-unvergesslichen-urlaub,200,Auf Reisen nach Ameland: Luxus-Cottages für einen unvergesslichen Urlaub,,,"Luxus-Cottages auf Ameland: Erleben Sie ultimativen Komfort, stilvolles Design und Ruhe. Entdecken Sie den einzigartigen Charme von Ameland bei Ameland Residence.",,,,,,,,,,"index, follow",(none = indexable),,,,,
de,/blogs/bungalow-ameland-erleben-sie-den-luxus-von-bungalow-watersnip,https://www.ameland-residence.de/blogs/bungalow-ameland-erleben-sie-den-luxus-von-bungalow-watersnip,200,Bungalow Ameland: Erleben Sie den Luxus von Bungalow Watersnip,,,Bungalow Ameland? Genießen Sie Luxus und Komfort im Bungalow Watersnip. Entdecken Sie die Natur und buchen Sie Ihren Aufenthalt in der Ameland Residence!,,,,,,,,,,"index, follow",(none = indexable),,,,,
de,/blogs/das-ameland-verkehrsnetz-seine-moglichkeiten,https://www.ameland-residence.de/blogs/das-ameland-verkehrsnetz-seine-moglichkeiten,200,Das Ameland Verkehrsnetz & seine Möglichkeiten,,,Ameland Transport: Entdecken Sie alle Transportmöglichkeiten auf Ameland und wohnen Sie in Luxus in der Ameland Residence mit Ladestationen und Parkmöglichkeiten.,,,,,,,,,,"index, follow",(none = indexable),,,,,
de,/blogs/das-wetter-auf-ameland-alles-uber-das-wattklima,https://www.ameland-residence.de/blogs/das-wetter-auf-ameland-alles-uber-das-wattklima,200,Das Wetter auf Ameland: Alles über das Wattklima,,,"Das Wetter auf Ameland bietet einzigartige Erlebnisse aufgrund des Meeresklimas: mehr Sonne, milde Temperaturen und schnelle Wetterveränderungen. Lesen Sie schnell weiter.",,,,,,,,,,"index, follow",(none = indexable),,,,,
de,/blogs/dorfer-auf-ameland-entdecken-sie-die-authentische-atmosphare-von-ameland,https://www.ameland-residence.de/blogs/dorfer-auf-ameland-entdecken-sie-die-authentische-atmosphare-von-ameland,200,Dörfer auf Ameland – Entdecken Sie die authentische Atmosphäre von Ameland,,,"Dörfer auf Ameland: Entdecken Sie den Charme von Hollum, Nes, Ballum und Buren. Übernachten Sie luxuriös bei Ameland Residence, in der Nähe von Natur, Strand und authentischen Dörfern.",,,,,,,,,,"index, follow",(none = indexable),,,,,
de,/blogs/einen-uxusurlaub-auf-ameland,https://www.ameland-residence.de/blogs/einen-uxusurlaub-auf-ameland,200,Einen Luxusurlaub auf Ameland,,,Erleben Sie einen Luxusurlaub auf Ameland in den einzigartigen Villen der Ameland Residence,,,,,,,,,,"index, follow",(none = indexable),,,,,
de,/blogs/entfliehen-sie-dem-trubel-in-einem-unvergesslichen-aufenthalt-auf-ameland,https://www.ameland-residence.de/blogs/entfliehen-sie-dem-trubel-in-einem-unvergesslichen-aufenthalt-auf-ameland,200,Entfliehen Sie dem Trubel in einem unvergesslichen Aufenthalt auf Ameland,,,"Aufenthalt auf Ameland in luxuriösen Villen von Ameland Residence. Entdecken Sie Natur, Wellness und Abenteuer. Buchen Sie jetzt Ihr einzigartiges Inselerlebnis!",,,,,,,,,,"index, follow",(none = indexable),,,,,
de,/blogs/entspannen-sie-sich-in-einem-luxuriosen-ferienhaus-mit-sauna-auf-ameland,https://www.ameland-residence.de/blogs/entspannen-sie-sich-in-einem-luxuriosen-ferienhaus-mit-sauna-auf-ameland,200,Entspannen Sie sich in einem luxuriösen Ferienhaus mit Sauna auf Ameland,,,"Ein Ferienhaus mit Sauna auf Ameland buchen? Genießen Sie Luxus, Komfort und Wellness bei Ameland Residence. Entspannen Sie in Ihrer eigenen privaten Sauna.",,,,,,,,,,"index, follow",(none = indexable),,,,,
de,/blogs/ferienhaus-ameland-buchen-sie-ihren-traumurlaub,https://www.ameland-residence.de/blogs/ferienhaus-ameland-buchen-sie-ihren-traumurlaub,200,Ferienhaus Ameland: Buchen Sie Ihren Traumurlaub,,,Entdecken Sie Luxusunterkünfte wie die Villa Zee & Watersnip. Buchen Sie jetzt einen unvergesslichen Urlaub in der Natur.,,,,,,,,,,"index, follow",(none = indexable),,,,,
de,/blogs/ferienhaus-mieten-mit-sauna-auf-ameland-luxuriose-entspannung-in-der-natur,https://www.ameland-residence.de/blogs/ferienhaus-mieten-mit-sauna-auf-ameland-luxuriose-entspannung-in-der-natur,200,Ferienhaus mieten mit Sauna auf Ameland: Luxuriöse Entspannung in der Natur,,,"Ferienhaus mieten mit Sauna auf Ameland? Entdecken Sie Luxus-Wellness, Ruhe und Natur in der Ameland Residence. Buchen Sie jetzt Ihren perfekten Entspannungsurlaub.",,,,,,,,,,"index, follow",(none = indexable),,,,,
de,/blogs/genie-en-sie-die-natur-auf-ameland-im-naturzentrum-ameland,https://www.ameland-residence.de/blogs/genie-en-sie-die-natur-auf-ameland-im-naturzentrum-ameland,200,Genießen Sie die Natur auf Ameland im Naturzentrum Ameland,,,"Entdecken Sie die Wunder der Insel im Naturzentrum Ameland - der Ort einzigartiger Flora, Fauna und atemberaubenden Landschaften.",,,,,,,,,,"index, follow",(none = indexable),,,,,
de,/blogs/last-minute-ameland-buchen,https://www.ameland-residence.de/blogs/last-minute-ameland-buchen,200,Flüchte Last Minute in Luxus auf Ameland,,,Last Minute Ameland: Buchen Sie Ihren Luxusurlaub in der Ameland Residence. Genießen Sie unsere exklusiven Villen & Bungalows.,,,,,,,,,,"index, follow",(none = indexable),,,,,
de,/blogs/luxusvilla-am-meer-entdecken-sie-das-beste-von-ameland,https://www.ameland-residence.de/blogs/luxusvilla-am-meer-entdecken-sie-das-beste-von-ameland,200,Luxusvilla am Meer: Entdecken Sie das Beste von Ameland,,,"Luxusvilla am Meer auf Ameland: Genießen Sie Komfort, Natur und Ruhe. Entdecken Sie den Strand, malerische Dörfer und einzigartige Wander- und Radwege.",,,,,,,,,,"index, follow",(none = indexable),,,,,
de,/blogs/museen-auf-ameland-entdecke-die-kulturellen-schatze-der-insel,https://www.ameland-residence.de/blogs/museen-auf-ameland-entdecke-die-kulturellen-schatze-der-insel,200,Museen auf Ameland: Entdecke die kulturellen Schätze der Insel,,,Entdecke die besten Museen von Ameland mit unserem Reiseführer. Bereichern Sie ihren Aufenthalt bei Ameland Residence mit Kultur.,,,,,,,,,,"index, follow",(none = indexable),,,,,
de,/blogs/optimal-genie-en-wahrend-einem-langen-wochenende-auf-ameland,https://www.ameland-residence.de/blogs/optimal-genie-en-wahrend-einem-langen-wochenende-auf-ameland,200,Optimal genießen während einem langen Wochenende auf Ameland,,,"Langes Wochenende auf Ameland? Entdecken Sie ikonische Sehenswürdigkeiten, unberührte Natur und luxuriöse Unterkünfte in der Ameland Residence. ",,,,,,,,,,"index, follow",(none = indexable),,,,,
de,/blogs/quality-time-mit-der-familie-im-urlaub-bei-ameland-residence,https://www.ameland-residence.de/blogs/quality-time-mit-der-familie-im-urlaub-bei-ameland-residence,200,Quality Time mit der Familie im Urlaub bei Ameland Residence,,,"Mit der Familie in den Urlaub? Entdecken Sie die luxuriösen Villen von Ameland Residence: großzügige Unterkünfte mit Wellness, ideal für Quality Time auf dem wunderschönen Ameland.",,,,,,,,,,"index, follow",(none = indexable),,,,,
de,/blogs/so-geht-nachhaltiger-urlaub-auf-ameland,https://www.ameland-residence.de/blogs/so-geht-nachhaltiger-urlaub-auf-ameland,200,So geht nachhaltiger Urlaub auf Ameland – Tipps & Inspiration,,,"Urlaub Ameland – nachhaltig, komfortabel und naturnah. Entdecken Sie die Insel umweltfreundlich und wohnen Sie in einer Villa mit eigener Ladestation.",,,,,,,,,,"index, follow",(none = indexable),,,,,
de,/blogs/strandurlaub-niederlande-warum-ameland-die-perfekte-wahl-fur-ruhe-und-natur-ist,https://www.ameland-residence.de/blogs/strandurlaub-niederlande-warum-ameland-die-perfekte-wahl-fur-ruhe-und-natur-ist,200,Strandurlaub Niederlande: Warum Ameland die perfekte Wahl für Ruhe und Natur ist,,,"Strandurlaub Niederlande? Genießen Sie Ruhe, Natur und Stil auf Ameland. Entdecken Sie exklusive Villen direkt an den Dünen bei Ameland Residence.",,,,,,,,,,"index, follow",(none = indexable),,,,,
de,/blogs/urlaub-ameland-7-grunde-warum-diese-insel-ihr-nachstes-urlaubsziel-sein-sollte,https://www.ameland-residence.de/blogs/urlaub-ameland-7-grunde-warum-diese-insel-ihr-nachstes-urlaubsziel-sein-sollte,200,"Urlaub Ameland: 7 Gründe, warum diese Insel Ihr nächstes Urlaubsziel sein sollte",,,"Urlaub Ameland? Entdecken Sie Natur, Ruhe und Komfort auf der niederländischen Insel. Ideal für Erholung, Aktivitäten und stilvolles Wohnen.",,,,,,,,,,"index, follow",(none = indexable),,,,,
de,/blogs/urlaub-ameland-mit-hund-in-einer-luxuriosen-unterkunft-genie-en,https://www.ameland-residence.de/blogs/urlaub-ameland-mit-hund-in-einer-luxuriosen-unterkunft-genie-en,200,Urlaub Ameland mit Hund in einer luxuriösen Unterkunft genießen,,,Urlaub Ameland mit Hund – entspannter Inselurlaub mit Ihrem Vierbeiner. Entdecken Sie die hundefreundliche Luxusunterkunft Bungalow Watersnip.,,,,,,,,,,"index, follow",(none = indexable),,,,,
de,/blogs/urlaub-auf-ameland-digitale-auszeit,https://www.ameland-residence.de/blogs/urlaub-auf-ameland-digitale-auszeit,200,Warum ein Urlaub auf Ameland perfekt ist für Ihre digitale Auszeit,,,"Urlaub Ameland perfekt für eine digitale Auszeit. Entdecken Sie Ruhe, Natur und Privatsphäre in einer luxuriösen Villa ganz ohne Ablenkung.",,,,,,,,,,"index, follow",(none = indexable),,,,,
de,/blogs/wanderroute-ameland-der-strandpfahl-erzahlpfad,https://www.ameland-residence.de/blogs/wanderroute-ameland-der-strandpfahl-erzahlpfad,200,Wanderroute Ameland: Der Strandpfahl-Erzählpfad,,,Wanderroute Ameland: Entdecken Sie den Strandpfahl-Erzählpfad und genießen Sie einen luxuriösen Aufenthalt in der Ameland Residence. Buchen Sie jetzt Ihren perfekten Urlaub!,,,,,,,,,,"index, follow",(none = indexable),,,,,
de,/blogs/was-tun-auf-ameland-bei-regen,https://www.ameland-residence.de/blogs/was-tun-auf-ameland-bei-regen,200,Was tun auf Ameland bei Regen?,,,"Was tun auf Ameland bei Regen? Entdecken Sie die besten Indoor-Aktivitäten, kulinarische Hotspots und luxuriöse Entspannung in Ihrer Villa bei Ameland Residence.",,,,,,,,,,"index, follow",(none = indexable),,,,,
de,/datenschutzerklarung,https://www.ameland-residence.de/datenschutzerklarung,200,Datenschutzerklärung und cookie-richtlinie,,,Sehen Sie sich die Allgemeinen Geschäftsbedingungen für die Buchung einer Luxusferienvilla in der Ameland Residence an.,,,,,,,,,,"index, follow",(none = indexable),,,,,
de,/ferienhaus-auf-ameland-mieten,https://www.ameland-residence.de/ferienhaus-auf-ameland-mieten,200,Ferienhaus auf Ameland mieten,,,Möchten Sie ein Ferienhaus mit Sauna auf Ameland mieten? Sauna ✔️ Geräumige Terrasse ✔️ Badezimmer mit Badewanne ✔️ Solarium,,,,,,,,,,"index, follow",(none = indexable),,,,,
de,/ferienhaus-mit-sauna,https://www.ameland-residence.de/ferienhaus-mit-sauna,200,Luxuriöses Ferienhaus mit Sauna auf Ameland | Ameland Residence,,,Möchten Sie ein Ferienhaus mit Sauna auf Ameland mieten? Sauna ✔️ Geräumige Terrasse ✔️ Badezimmer mit Badewanne ✔️ Solarium,,,,,,,,,,"index, follow",(none = indexable),,,,,
de,/ferienhaus-nordseeinsel,https://www.ameland-residence.de/ferienhaus-nordseeinsel,200,Ferienhaus Nordseeinsel,,,Möchten Sie ein Ferienhaus mit Sauna auf Ameland mieten? Sauna ✔️ Geräumige Terrasse ✔️ Badezimmer mit Badewanne ✔️ Solarium,,,,,,,,,,"index, follow",(none = indexable),,,,,
de,/ferienhauser,https://www.ameland-residence.de/ferienhauser,200,Luxuriöse Ferienvillen auf Ameland | Ameland Residence,,,Sehen Sie sich unsere 5 Luxus-Ferienvillen auf Ameland an ✅ Eine private Sauna ✅ Solarium ✅ Luxuriöses Badezimmer ✅ Großer Garten,,,,,,,,,,"index, follow",(none = indexable),,,,,
de,/ferienhauser/luxesbungalow-watersnip,https://www.ameland-residence.de/ferienhauser/luxesbungalow-watersnip,200,Buchen Sie einen Luxusbungalow Watersnip | Ameland Residence,,,Möchten Sie ein Ferienhaus mit Sauna auf Ameland mieten? Sauna ✔️ Geräumige Terrasse ✔️ Badezimmer mit Badewanne ✔️ Solarium ✔️,,,,,,,,,,"index, follow",(none = indexable),,,,,
de,/ferienhauser/villa-nova,https://www.ameland-residence.de/ferienhauser/villa-nova,200,Buchen Sie Villa Nova | Ameland Residence,,,Möchten Sie ein Ferienhaus mit Sauna auf Ameland mieten? Sauna ✔️ Geräumige Terrasse ✔️ Badezimmer mit Badewanne ✔️ Solarium ✔️,,,,,,,,,,"index, follow",(none = indexable),,,,,
de,/ferienhauser/villa-stern,https://www.ameland-residence.de/ferienhauser/villa-stern,200,Buchen Sie eine Luxusvilla mit Garten bei Ameland residence,,,Die Villa Stern verfügt über einen Garten. Nur wenige Gehminuten vom Strand und Wald entfernt und im wunderschönen Dünengebiet gelegen.,,,,,,,,,,"index, follow",(none = indexable),,,,,
de,/ferienhauser/villa-zee,https://www.ameland-residence.de/ferienhauser/villa-zee,200,Buchen Sie Villa Zee | Ameland Residence,,,Möchten Sie ein Ferienhaus mit Sauna auf Ameland mieten? Sauna ✔️ Geräumige Terrasse ✔️ Badezimmer mit Badewanne ✔️ Solarium ✔️,,,,,,,,,,"index, follow",(none = indexable),,,,,
de,/ferienhauser/villa-zilt,https://www.ameland-residence.de/ferienhauser/villa-zilt,200,Buchen Sie Villa Zilt | Ameland Residence,,,Möchten Sie ein Ferienhaus mit Sauna auf Ameland mieten? Sauna ✔️ Geräumige Terrasse ✔️ Badezimmer mit Badewanne ✔️ Solarium ✔️,,,,,,,,,,"index, follow",(none = indexable),,,,,
de,/kontakt,https://www.ameland-residence.de/kontakt,200,Kontaktdetails | Ameland Residence,,,Möchten Sie Ameland Residence kontaktieren? Die Kontaktdaten finden Sie auf dieser Seite. Tel: 0513-499436.,,,,,,,,,,"index, follow",(none = indexable),,,,,
de,/last-minutes,https://www.ameland-residence.de/last-minutes,200,Last Minute Ameland | Ameland Residence,,,Last Minute nach Ameland? Luxuriöse Ferienvillen ✔️ Badezimmer mit Badewanne ✔️ Sauna ✔️ Großzügiger Garten und Terrasse,,,,,,,,,,"index, follow",(none = indexable),,,,,
de,/sitemap,https://www.ameland-residence.de/sitemap,200,Sitemap | Ameland Residence,,,"Hier finden Sie alle Seiten, die Ameland Residence anbietet",,,,,,,,,,"index, follow",(none = indexable),,,,,
de,/suchen-buchen,https://www.ameland-residence.de/suchen-buchen,200,Suchen und buchen Sie Ergebnisse von Ameland Residence,,,Buchen Sie schnell und einfach Luxusvillen und Bungalows auf Ameland bei Ameland Residence,,,,,,,,,,"index, follow",(none = indexable),,,,,
de,/uber-ameland,https://www.ameland-residence.de/uber-ameland,200,Über Ameland | Ameland Residence,,,Ameland hat kulturell und sportlich viel zu bieten und ein einzigartiges Naturschutzgebiet mit einer reichen Tierwelt,,,,,,,,,,"index, follow",(none = indexable),,,,,
de,/uber-uns,https://www.ameland-residence.de/uber-uns,200,Luxuriöse Ferienvillen auf Ameland seit 2009 | Ameland Residence,,,"Ameland Residence vermietet jetzt 6 Ferienhäuser, die mit allem Luxus ausgestattet sind. Weitere Informationen finden Sie auf unserer Seite.",,,,,,,,,,"index, follow",(none = indexable),,,,,
de,/urlaub-auf-ameland,https://www.ameland-residence.de/urlaub-auf-ameland,200,Möchten Sie einen Urlaub auf Ameland buchen? | Ameland Residence,,,Im Urlaub auf Ameland? Ameland Residence ist führend im Bereich Luxus-Ferienhäuser ✔️Sauna ✔️Geräumige Terrasse ✔️Badezimmer mit Badewanne,,,,,,,,,,"index, follow",(none = indexable),,,,,
de,/video,https://www.ameland-residence.de/video,200,Sehen Sie sich hier das Video über Ameland Residence an,,,"Ameland Residence vermietet luxuriöse Ferienvillen auf Ameland, die mit allem Luxus ausgestattet sind. Weitere Informationen finden Sie auf unserer Seite",,,,,,,,,,"index, follow",(none = indexable),,,,,
de,/vielen-dank-fur-ihren-aufenthalt,https://www.ameland-residence.de/vielen-dank-fur-ihren-aufenthalt,200,Vielen Dank für Ihren Aufenthalt,,,,,,,,,,,,,"index, follow",(none = indexable),,,,,
de,/wochenende-auf-ameland,https://www.ameland-residence.de/wochenende-auf-ameland,200,Buchen Sie einen Wochenendausflug auf Ameland Residence,,,Genießen Sie ein schönes Wochenende auf Ameland! Luxuriöse Ferienhäuser mit privater Terrasse ✔️ Ausgestattet mit Solarium und Sauna ✔️,,,,,,,,,,"index, follow",(none = indexable),,,,,
nl,/,https://www.ameland-residence.nl/,200,Luxe vakantiehuis op Ameland huren | Ameland Residence,Luxe vakantiehuis op Ameland huren | Ameland Residence,no,Vakantiehuis op Ameland huren? Elke villa beschikt over luxe faciliteiten ✔️ Sauna ✔️ Solarium ✔️ Luxe badkamer met ligbad,Vakantiehuis op Ameland huren? Elke villa beschikt over luxe faciliteiten ✔️ Sauna ✔️ Solarium ✔️ Luxe badkamer met ligbad,no,,https://ameland-residence.nl,NO,Luxe vakantiehuis op Ameland huren | Ameland Residence,Vakantiehuis op Ameland huren? Elke villa beschikt over luxe faciliteiten ✔️ Sauna ✔️ Solarium ✔️ Luxe badkamer met ligbad,https://ameland-residence.nl/media/ameland-residence-20260730-b206f2-header-home-ameland-residence-desktop01.jpg,https://ameland-residence.nl,"index, follow",,yes,nl,,nl-NL de-DE x-default,Organization WebSite
nl,/algemene-voorwaarden,https://www.ameland-residence.nl/algemene-voorwaarden,200,Algemene voorwaarden van Ameland Residence,,,Bekijk de algemene voorwaarden van het boeken van een luxe vakantievilla bij Ameland Residence.,,,,,,,,,,"index, follow",(none = indexable),,,,,
nl,/algemene-voorwaarden-watersnip,https://www.ameland-residence.nl/algemene-voorwaarden-watersnip,200,Algemene voorwaarden Watersnip | Ameland Residence,,,Lees hier de algemene voorwaarden voor de luxe bungalow Watersnip op Ameland,,,,,,,,,,"index, follow",(none = indexable),,,,,
nl,/algemene-voorwaarden-zilt-stern-zee-en-nova,https://www.ameland-residence.nl/algemene-voorwaarden-zilt-stern-zee-en-nova,200,"Algemene voorwaarden villa's Zilt, Stern en Zee | Ameland Residence",,,"Algemene voorwaarden van de luxe villa's Zilt, Stern, Zee en Nova op Ameland | Ameland Residence",,,,,,,,,,"index, follow",(none = indexable),,,,,
nl,/bedankt-voor-uw-verblijf,https://www.ameland-residence.nl/bedankt-voor-uw-verblijf,200,Bedankt voor uw verblijf,,,,,,,,,,,,,"index, follow",(none = indexable),,,,,
nl,/blogs,https://www.ameland-residence.nl/blogs,200,Blogpagina Ameland Residence vakantievilla's,,,Op onze blogpagina leest u alles over Ameland en over het verblijf bij Ameland Residence,,,,,,,,,,"index, follow",(none = indexable),,,,,
nl,/blogs/alles-over-zeehonden-op-ameland,https://www.ameland-residence.nl/blogs/alles-over-zeehonden-op-ameland,200,Alles over zeehonden op Ameland,,,Zeehonden op Ameland: Leer alles over deze fascinerende dieren en ontdek hoe u ze kunt spotten. Boek uw verblijf bij Ameland Residence!,,,,,,,,,,"index, follow",(none = indexable),,,,,
nl,/blogs/ameland-met-hond-een-onvergetelijke-vakantie-voor-u-en-uw-viervoeter,https://www.ameland-residence.nl/blogs/ameland-met-hond-een-onvergetelijke-vakantie-voor-u-en-uw-viervoeter,200,Ameland met hond: een onvergetelijke vakantie voor u en uw viervoeter,,,"Ameland met hond: geniet van strandwandelingen, losloopgebieden en hondvriendelijke restaurants. Ontdek luxe in bungalow Watersnip.",,,,,,,,,,"index, follow",(none = indexable),,,,,
nl,/blogs/ameland-vakantiehuis-beleef-het-eiland-op-zijn-best,https://www.ameland-residence.nl/blogs/ameland-vakantiehuis-beleef-het-eiland-op-zijn-best,200,Ameland vakantiehuis - Beleef het eiland op zijn best,,,"Ameland vakantiehuis huren? Geniet van luxe en natuur bij Ameland Residence. Ontdek wellness, comfort en privacy op het mooiste Waddeneiland.",,,,,,,,,,"index, follow",(none = indexable),,,,,
nl,/blogs/bungalow-ameland-ervaar-de-luxe-van-bungalow-watersnip,https://www.ameland-residence.nl/blogs/bungalow-ameland-ervaar-de-luxe-van-bungalow-watersnip,200,Bungalow Ameland: Ervaar de luxe van bungalow Watersnip,,,Bungalow Ameland? Geniet van luxe en comfort in bungalow Watersnip. Ontdek de natuur en boek jouw verblijf bij Ameland Residence!,,,,,,,,,,"index, follow",(none = indexable),,,,,
nl,/blogs/de-ameland-seizoensgids,https://www.ameland-residence.nl/blogs/de-ameland-seizoensgids,200,De Ameland seizoensgids,,,Vakantie plannen op Ameland? Lees in deze blog wat elk seizoen te bieden heeft. Ontdek het zelf met een verblijf in Ameland Residence.,,,,,,,,,,"index, follow",(none = indexable),,,,,
nl,/blogs/de-mooiste-foto-locaties-voor-een-vakantie-op-ameland,https://www.ameland-residence.nl/blogs/de-mooiste-foto-locaties-voor-een-vakantie-op-ameland,200,De mooiste foto locaties voor een vakantie op Ameland,,,Foto locaties Ameland ontdekken? Van duinen en stranden tot sfeervolle dorpjes. Verblijf bij Ameland Residence en zit dicht bij alle fotospots.,,,,,,,,,,"index, follow",(none = indexable),,,,,
nl,/blogs/dorpjes-ameland-ontdek-de-authentieke-sfeer-van-ameland,https://www.ameland-residence.nl/blogs/dorpjes-ameland-ontdek-de-authentieke-sfeer-van-ameland,200,Dorpjes Ameland – Ontdek de authentieke sfeer van Ameland,,,"Dorpjes Ameland: ontdek de charme van Hollum, Nes, Ballum en Buren. Verblijf luxe bij Ameland Residence, dichtbij natuur, strand en authentieke dorpen.",,,,,,,,,,"index, follow",(none = indexable),,,,,
nl,/blogs/duinvilla-ameland-een-dag-in-luxe-tussen-de-duinen,https://www.ameland-residence.nl/blogs/duinvilla-ameland-een-dag-in-luxe-tussen-de-duinen,200,Duinvilla Ameland - Een dag in luxe tussen de duinen,,,"Duinvilla Ameland boeken? Ervaar luxe, wellness en rust midden in de duinen. Ontdek hoe een dag in een stijlvolle villa op Ameland eruitziet.",,,,,,,,,,"index, follow",(none = indexable),,,,,
nl,/blogs/een-dag-in-luxe-bungalow-watersnip-op-ameland,https://www.ameland-residence.nl/blogs/een-dag-in-luxe-bungalow-watersnip-op-ameland,200,Een dag in luxe bungalow Watersnip op Ameland,,,"Luxe bungalow Ameland huren? Geniet van wellness, comfort en rust in de duinen, op loopafstand van strand en dorp. Boek nu uw verblijf bij Watersnip.",,,,,,,,,,"index, follow",(none = indexable),,,,,
nl,/blogs/een-luxe-vakantiehuis-op-de-waddeneilanden-daarom-kiezen-voor-ameland,https://www.ameland-residence.nl/blogs/een-luxe-vakantiehuis-op-de-waddeneilanden-daarom-kiezen-voor-ameland,200,Een luxe vakantiehuis op de Waddeneilanden? Daarom kiezen voor Ameland,,,"Luxe vakantiehuisje op de Waddeneilanden? Ontdek waarom Ameland rust, natuur en comfort zo sterk combineert.",,,,,,,,,,"index, follow",(none = indexable),,,,,
nl,/blogs/een-weekendje-weg-aan-zee-waarom-ameland-het-antwoord-is,https://www.ameland-residence.nl/blogs/een-weekendje-weg-aan-zee-waarom-ameland-het-antwoord-is,200,Een weekendje weg aan zee? Waarom Ameland het antwoord is,,,"Op zoek naar een weekendje weg aan zee? Ontdek waarom Ameland de perfecte, luxe ontsnapping is. Tips voor rust, natuur en een onvergetelijk verblijf.",,,,,,,,,,"index, follow",(none = indexable),,,,,
nl,/blogs/fietsen-op-ameland,https://www.ameland-residence.nl/blogs/fietsen-op-ameland,200,Fietsen op Ameland: Ontdek de Betoverende Amelander Route,,,"Fietsen op Ameland? Verken de schoonheid van Ameland per fiets. Historische dorpen, adembenemende natuur en rijke cultuur wachten op u!",,,,,,,,,,"index, follow",(none = indexable),,,,,
nl,/blogs/fietsroute-ameland-culinaire-ontdekking-tijdens-proefroute-ameland-2025,https://www.ameland-residence.nl/blogs/fietsroute-ameland-culinaire-ontdekking-tijdens-proefroute-ameland-2025,200,Fietsroute Ameland - Culinaire ontdekking tijdens Proefroute Ameland 2025,,,"Fietsroute Ameland: ontdek de Proefroute 2025 langs restaurants, lokale smaken en kunst tijdens een onvergetelijke novembermaand.",,,,,,,,,,"index, follow",(none = indexable),,,,,
nl,/blogs/geniet-van-de-natuur-op-ameland-bij-het-natuurcentrum-ameland,https://www.ameland-residence.nl/blogs/geniet-van-de-natuur-op-ameland-bij-het-natuurcentrum-ameland,200,Geniet van de natuur op Ameland bij het Natuurcentrum Ameland,,,"Ontdek de wonderen van het eiland bij Natuurcentrum Ameland - de gids voor unieke flora, fauna en adembenemende landschappen. ",,,,,,,,,,"index, follow",(none = indexable),,,,,
nl,/blogs/gezinsvriendelijke-accommodatie-ameland-een-zorgeloze-vakantie,https://www.ameland-residence.nl/blogs/gezinsvriendelijke-accommodatie-ameland-een-zorgeloze-vakantie,200,Gezinsvriendelijke accommodatie Ameland - Een zorgeloze vakantie,,,"Accommodatie Ameland voor gezinnen: luxe, rust en natuur. Geniet van een ontspannen familievakantie in een ruime vakantiewoning bij Ameland Residence.",,,,,,,,,,"index, follow",(none = indexable),,,,,
nl,/blogs/gezinsvriendelijke-accommodatie-ameland-geniet-van-een-zorgeloze-vakantie,https://www.ameland-residence.nl/blogs/gezinsvriendelijke-accommodatie-ameland-geniet-van-een-zorgeloze-vakantie,200,Gezinsvriendelijke accommodatie Ameland - Geniet van een zorgeloze vakantie,,,"Accommodatie Ameland voor gezinnen: luxe, rust en natuur. Geniet van een ontspannen familievakantie in een ruime vakantiewoning bij Ameland Residence.",,,,,,,,,,"index, follow",(none = indexable),,,,,
nl,/blogs/het-ameland-vervoer-netwerk-mogelijkheden,https://www.ameland-residence.nl/blogs/het-ameland-vervoer-netwerk-mogelijkheden,200,Het Ameland vervoer netwerk & mogelijkheden,,,Ameland vervoer: Ontdek alle vervoersmogelijkheden op Ameland en verblijf in luxe bij Ameland Residence met laadpalen en parkeergelegenheid.,,,,,,,,,,"index, follow",(none = indexable),,,,,
nl,/blogs/het-weer-op-ameland-alles-over-het-waddenklimaat,https://www.ameland-residence.nl/blogs/het-weer-op-ameland-alles-over-het-waddenklimaat,200,Het weer op Ameland: Alles over het waddenklimaat,,,"Het weer op Ameland biedt unieke ervaringen dankzij het zeeklimaat: meer zon, milde temperaturen en snelle weersveranderingen. Lees snel verder.",,,,,,,,,,"index, follow",(none = indexable),,,,,
nl,/blogs/het-weer-op-ameland-in-het-voorjaar,https://www.ameland-residence.nl/blogs/het-weer-op-ameland-in-het-voorjaar,200,Het weer op Ameland in het voorjaar,,,Het weer op Ameland in het voorjaar is mild en zonnig. Geniet van luxe en comfort bij Ameland Residence en beleef een ontspannen verblijf in de natuur.,,,,,,,,,,"index, follow",(none = indexable),,,,,
nl,/blogs/huisje-huren-met-sauna-op-ameland-luxe-ontspanning-in-de-natuur,https://www.ameland-residence.nl/blogs/huisje-huren-met-sauna-op-ameland-luxe-ontspanning-in-de-natuur,200,Huisje huren met sauna op Ameland: Luxe ontspanning in de natuur,,,"Huisje huren met sauna op Ameland? Ontdek luxe wellness, rust en natuur bij Ameland Residence. Boek nu uw perfecte ontspannen vakantie.",,,,,,,,,,"index, follow",(none = indexable),,,,,
nl,/blogs/kunstmaand-ameland-een-maand-vol-inspiratie-en-creativiteit,https://www.ameland-residence.nl/blogs/kunstmaand-ameland-een-maand-vol-inspiratie-en-creativiteit,200,Kunstmaand Ameland: Een maand vol inspiratie en creativiteit,,,Kunstmaand Ameland: Ontdek kunst en cultuur in november en verblijf luxe bij Ameland Residence. Boek nu je inspirerende eilandervaring!,,,,,,,,,,"index, follow",(none = indexable),,,,,
nl,/blogs/last-minute-ameland,https://www.ameland-residence.nl/blogs/last-minute-ameland,200,Wat maakt een last minute naar Ameland zo bijzonder? | Ameland Residence,,,Spontaan genieten op Ameland? Lees wat een last minute verblijf in een luxe villa zo bijzonder maakt en bekijk het actuele last minute aanbod van Ameland Residence.,,,,,,,,,,"index, follow",(none = indexable),,,,,
nl,/blogs/last-minute-ameland-met-hond-boek-onze-luxe-bungalow,https://www.ameland-residence.nl/blogs/last-minute-ameland-met-hond-boek-onze-luxe-bungalow,200,Last minute Ameland met hond? Boek onze luxe bungalow,,,"Last minute Ameland met hond? Ontdek de luxe bungalow Watersnip bij Ameland Residence en geniet van strandwandelingen, natuur en comfort.",,,,,,,,,,"index, follow",(none = indexable),,,,,
nl,/blogs/last-minutes-aan-zee-ga-naar-ameland,https://www.ameland-residence.nl/blogs/last-minutes-aan-zee-ga-naar-ameland,200,Last minutes aan zee? Ga spontaan naar Ameland,,,Last minutes aan zee zijn perfect om even te ontsnappen aan de drukte. Ontdek waarom Ameland het ideale eiland is voor een spontaan luxe uitje aan de kust.,,,,,,,,,,"index, follow",(none = indexable),,,,,
nl,/blogs/luxe-overnachten-ameland-een-exclusieve-ervaring,https://www.ameland-residence.nl/blogs/luxe-overnachten-ameland-een-exclusieve-ervaring,200,Luxe overnachten Ameland - Een exclusieve ervaring,,,"Overnachten Ameland in luxe en comfort? Bij Ameland Residence geniet u van stijlvolle accommodaties op de mooiste locaties, dicht bij strand en natuur.",,,,,,,,,,"index, follow",(none = indexable),,,,,
nl,/blogs/luxe-vakantie-op-ameland,https://www.ameland-residence.nl/blogs/luxe-vakantie-op-ameland,200,Luxe vakantie op Ameland,,,"Ervaar een onvergetelijke vakantie op Ameland! Verblijf in luxe villa's met sauna, terras en meer. Ontdek natuur, dorpjes en activiteiten met Ameland Residence.",,,,,,,,,,"index, follow",(none = indexable),,,,,
nl,/blogs/luxe-van-een-weekend-weg-quality-time,https://www.ameland-residence.nl/blogs/luxe-van-een-weekend-weg-quality-time,200,De nieuwe luxe van een weekend weg? Echte quality time,,,"Quality time tijdens een weekend weg draait om rust, aandacht en samen genieten. Ontdek hoe je meer haalt uit een kort verblijf.",,,,,,,,,,"index, follow",(none = indexable),,,,,
nl,/blogs/luxe-villa-aan-zee-ontdek-het-beste-van-ameland,https://www.ameland-residence.nl/blogs/luxe-villa-aan-zee-ontdek-het-beste-van-ameland,200,"Luxe villa aan zee, ontdek het beste van Ameland",,,"Luxe villa aan zee op Ameland: geniet van comfort, natuur en rust. Ontdek het strand, pittoreske dorpjes en unieke wandel- en fietsroutes.",,,,,,,,,,"index, follow",(none = indexable),,,,,
nl,/blogs/midweek-ameland-een-midweek-weg-van-de-drukte,https://www.ameland-residence.nl/blogs/midweek-ameland-een-midweek-weg-van-de-drukte,200,Midweek Ameland: Een midweek weg van de drukte,,,"Midweek Ameland: Ontdek rust, natuur en luxe bij Ameland Residence. Geniet van een ontspannen verblijf in stijl. Boek uw luxe vakantie nu!",,,,,,,,,,"index, follow",(none = indexable),,,,,
nl,/blogs/musea-op-ameland-ontdek-de-culturele-schatten-van-het-eiland,https://www.ameland-residence.nl/blogs/musea-op-ameland-ontdek-de-culturele-schatten-van-het-eiland,200,Musea op Ameland: Ontdek de culturele schatten van het eiland,,,"Ontdek de beste musea op Ameland met onze gids. Verrijk uw verblijf bij Ameland Residence met cultuur, geschiedenis en unieke ervaringen.",,,,,,,,,,"index, follow",(none = indexable),,,,,
nl,/blogs/natuurhuisje-ameland-waar-luxe-en-ongerepte-natuur-samenkomen,https://www.ameland-residence.nl/blogs/natuurhuisje-ameland-waar-luxe-en-ongerepte-natuur-samenkomen,200,Natuurhuisje Ameland - Waar luxe en ongerepte natuur samenkomen,,,Natuurhuisje Ameland: luxe verblijf tussen duinen en strand. Ontsnap aan de drukte en geniet van comfort in ongerepte natuur bij Ameland Residence.,,,,,,,,,,"index, follow",(none = indexable),,,,,
nl,/blogs/offline-vakantie-luxe-villa-ameland,https://www.ameland-residence.nl/blogs/offline-vakantie-luxe-villa-ameland,200,Offline vakantie in een luxe villa op Ameland,,,"Ervaar een offline vakantie in een luxe villa op Ameland. Geen schermen, wel rust, natuur en comfort. Kom tot uzelf op een van de mooiste Waddeneilanden.",,,,,,,,,,"index, follow",(none = indexable),,,,,
nl,/blogs/ontdek-de-mooiste-bezienswaardigheden-op-ameland,https://www.ameland-residence.nl/blogs/ontdek-de-mooiste-bezienswaardigheden-op-ameland,200,Ontdek de mooiste bezienswaardigheden op Ameland,,,"Bezienswaardigheden Ameland: ontdek vuurtorens, natuur en cultuur. Geniet van luxe verblijf bij Ameland Residence. Boek uw droomvakantie nu.",,,,,,,,,,"index, follow",(none = indexable),,,,,
nl,/blogs/ontdek-de-unieke-robbentocht-op-ameland,https://www.ameland-residence.nl/blogs/ontdek-de-unieke-robbentocht-op-ameland,200,Ontdek de unieke robbentocht op Ameland,,,Robbentocht op Ameland ontdekken? Combineer uw robbentocht met een verblijf bij Ameland Residence. Lees er alles over in onze blog.,,,,,,,,,,"index, follow",(none = indexable),,,,,
nl,/blogs/ontdek-het-adembenemende-strand-op-ameland,https://www.ameland-residence.nl/blogs/ontdek-het-adembenemende-strand-op-ameland,200,Ontdek het adembenemende strand op Ameland,,,"Strand op Ameland: Ontdek 27 km ongerepte kust, geniet van zon, zee en diverse activiteiten. Boek uw luxe verblijf bij Ameland Residence.",,,,,,,,,,"index, follow",(none = indexable),,,,,
nl,/blogs/ontsnap-aan-de-drukte-in-een-onvergetelijk-verblijf-op-ameland,https://www.ameland-residence.nl/blogs/ontsnap-aan-de-drukte-in-een-onvergetelijk-verblijf-op-ameland,200,Ontsnap aan de drukte in een onvergetelijk verblijf op Ameland,,,"Verblijf op Ameland in luxe villa’s van Ameland Residence. Ontdek natuur, wellness en avontuur. Boek nu uw unieke eilandervaring.",,,,,,,,,,"index, follow",(none = indexable),,,,,
nl,/blogs/ontspan-in-een-luxe-vakantiehuisje-met-sauna-op-ameland,https://www.ameland-residence.nl/blogs/ontspan-in-een-luxe-vakantiehuisje-met-sauna-op-ameland,200,Ontspan in een luxe vakantiehuisje met sauna op Ameland,,,"Vakantiehuisje met sauna op Ameland boeken? Geniet van luxe, comfort en wellness bij Ameland Residence. Ontspan in uw eigen privé-sauna.",,,,,,,,,,"index, follow",(none = indexable),,,,,
nl,/blogs/op-reis-naar-ameland-luxe-huisjes-voor-een-onvergetelijke-vakantie,https://www.ameland-residence.nl/blogs/op-reis-naar-ameland-luxe-huisjes-voor-een-onvergetelijke-vakantie,200,Op reis naar Ameland - Luxe huisjes voor een onvergetelijke vakantie,,,"Luxe huisjes op Ameland: ervaar ultiem comfort, stijlvol design en rust. Ontdek de unieke charme van Ameland bij Ameland Residence.",,,,,,,,,,"index, follow",(none = indexable),,,,,
nl,/blogs/op-vakantie-met-familie-naar-ameland,https://www.ameland-residence.nl/blogs/op-vakantie-met-familie-naar-ameland,200,Op vakantie met familie naar Ameland,,,"Op vakantie met familie? De luxe villa’s van Ameland Residence zijn ideaal om vakantie te vieren met de hele familie. Geniet van comfort, tot wel 8 personen.",,,,,,,,,,"index, follow",(none = indexable),,,,,
nl,/blogs/optimaal-genieten-tijdens-een-lang-weekend-ameland,https://www.ameland-residence.nl/blogs/optimaal-genieten-tijdens-een-lang-weekend-ameland,200,Optimaal genieten tijdens een lang weekend Ameland,,,"Lang weekend Ameland? Ontdek iconische bezienswaardigheden, ongerepte natuur en luxe verblijf in Ameland Residence. Boek nu jouw perfecte uitje!",,,,,,,,,,"index, follow",(none = indexable),,,,,
nl,/blogs/quality-time-met-familie-op-vakantie-bij-ameland-residence,https://www.ameland-residence.nl/blogs/quality-time-met-familie-op-vakantie-bij-ameland-residence,200,Quality time met familie op vakantie bij Ameland Residence,,,"Met familie op vakantie? Ontdek de luxe villa’s van Ameland Residence: ruime verblijven met wellness, ideaal voor quality time op het prachtige Ameland.",,,,,,,,,,"index, follow",(none = indexable),,,,,
nl,/blogs/strandvakantie-nederland-waarom-ameland-de-beste-keuze-is-voor-rust-en-natuur,https://www.ameland-residence.nl/blogs/strandvakantie-nederland-waarom-ameland-de-beste-keuze-is-voor-rust-en-natuur,200,Strandvakantie Nederland - Waarom Ameland de beste keuze is voor rust en natuur,,,"Strandvakantie Nederland? Ontdek de rust, natuur en luxe van Ameland. Verblijf stijlvol bij Ameland Residence, op loopafstand van het strand.",,,,,,,,,,"index, follow",(none = indexable),,,,,
nl,/blogs/vakantie-nederland-met-kinderen-ontdek-ameland,https://www.ameland-residence.nl/blogs/vakantie-nederland-met-kinderen-ontdek-ameland,200,Vakantie Nederland met kinderen? Ontdek Ameland,,,"Vakantie Nederland met kinderen? Ontdek Ameland's veilige stranden, natuuravonturen en luxe familieverblijven bij Ameland Residence.",,,,,,,,,,"index, follow",(none = indexable),,,,,
nl,/blogs/vakantie-op-ameland-met-kinderen-zo-heeft-iedereen-vakantiev,https://www.ameland-residence.nl/blogs/vakantie-op-ameland-met-kinderen-zo-heeft-iedereen-vakantiev,200,Vakantie op Ameland met kinderen? Zo heeft iedereen vakantie,,,"Vakantie op Ameland met kinderen? Ontdek hoe ruimte, natuur en het juiste vakantiehuis ervoor zorgen dat iedereen echt vakantie heeft.",,,,,,,,,,"index, follow",(none = indexable),,,,,
nl,/blogs/vakantiehuis-ameland,https://www.ameland-residence.nl/blogs/vakantiehuis-ameland,200,Vakantiehuis Ameland: Boek uw droomvakantie,,,Vakantiehuis Ameland: Ontdek luxe verblijven zoals Villa Zee & Watersnip. Boek nu voor een onvergetelijke vakantie in de natuur. ,,,,,,,,,,"index, follow",(none = indexable),,,,,
nl,/blogs/vakantiehuis-met-sauna-op-ameland,https://www.ameland-residence.nl/blogs/vakantiehuis-met-sauna-op-ameland,200,Pure ontspanning in een vakantiehuis met sauna op Ameland,,,"Ervaar pure rust in een vakantiehuis met sauna op Ameland. Geniet van wellness, privacy en luxe in een stijlvolle villa midden in de natuur.",,,,,,,,,,"index, follow",(none = indexable),,,,,
nl,/blogs/villa-8-personen-op-ameland-vaak-beter-dan-meerdere-losse-vakantiehuizen,https://www.ameland-residence.nl/blogs/villa-8-personen-op-ameland-vaak-beter-dan-meerdere-losse-vakantiehuizen,200,Villa 8 personen op Ameland vaak beter dan meerdere losse vakantiehuizen,,,"Waarom een villa 8 personen op Ameland beter werkt dan losse vakantiehuizen. Meer rust, meer verbinding, meer comfort. Bekijk de villa's van Ameland Residence.",,,,,,,,,,"index, follow",(none = indexable),,,,,
nl,/blogs/waar-moet-je-op-letten-bij-het-kiezen-van-de-perfecte-luxe-vakantievilla-op-ameland,https://www.ameland-residence.nl/blogs/waar-moet-je-op-letten-bij-het-kiezen-van-de-perfecte-luxe-vakantievilla-op-ameland,200,Waar moet je op letten bij het kiezen van de perfecte luxe vakantievilla op Ameland?,,,"Waar moet een luxe vakantievilla op Ameland aan voldoen? Lees waar je op let bij ligging, privacy, wellness en afstand tot zee.",,,,,,,,,,"index, follow",(none = indexable),,,,,
nl,/blogs/waar-vind-je-nog-een-luxe-vakantiehuis-aan-zee,https://www.ameland-residence.nl/blogs/waar-vind-je-nog-een-luxe-vakantiehuis-aan-zee,200,"Waar vind je nog een luxe vakantiehuis aan zee, weg van de drukte?",,,"Ontdek waar je nog écht rust vindt aan de Nederlandse kust. Luxe vakantiehuizen aan zee bestaan nog, vooral op Ameland, waar ruimte en stilte samenkomen.",,,,,,,,,,"index, follow",(none = indexable),,,,,
nl,/blogs/waarom-een-spontane-lastminute-op-ameland-precies-is-wat-u-zoekt,https://www.ameland-residence.nl/blogs/waarom-een-spontane-lastminute-op-ameland-precies-is-wat-u-zoekt,200,Waarom een spontane lastminute op Ameland precies is wat u zoekt,,,"Lastminute Ameland? Kies voor rust, ruimte en luxe. Boek spontaan een stijlvol verblijf bij Ameland Residence, midden in de duinen.",,,,,,,,,,"index, follow",(none = indexable),,,,,
nl,/blogs/waarom-voor-een-last-minute-ameland-kiezen,https://www.ameland-residence.nl/blogs/waarom-voor-een-last-minute-ameland-kiezen,200,"Even helemaal weg? Waarom voor een last minute, Ameland perfect is",,,Last minute Ameland: Spontaan weg? Lees waarom de rust van het eiland en het comfort van een luxe villa precies is wat je nu nodig hebt.,,,,,,,,,,"index, follow",(none = indexable),,,,,
nl,/blogs/wadlopen-ameland-zo-bereidt-u-zich-voor,https://www.ameland-residence.nl/blogs/wadlopen-ameland-zo-bereidt-u-zich-voor,200,Wadlopen Ameland - Zo bereidt u zich voor,,,Wadlopen Ameland? Ontdek hoe u zich voorbereidt op dit unieke natuuravontuur en kom na afloop tot rust in luxe bij Ameland Residence,,,,,,,,,,"index, follow",(none = indexable),,,,,
nl,/blogs/wandelen-ameland-ontdek-verborgen-parels-en-adembenemende-natuur,https://www.ameland-residence.nl/blogs/wandelen-ameland-ontdek-verborgen-parels-en-adembenemende-natuur,200,Wandelen Ameland - Ontdek verborgen parels en adembenemende natuur,,,Wandelen Ameland: 5 adembenemende routes door duinen en langs strand vanuit uw luxe uitvalsbasis bij Ameland Residence.,,,,,,,,,,"index, follow",(none = indexable),,,,,
nl,/blogs/wandelroute-ameland-het-strandpalen-verhalenpad,https://www.ameland-residence.nl/blogs/wandelroute-ameland-het-strandpalen-verhalenpad,200,Wandelroute Ameland: Het Strandpalen Verhalenpad,,,Wandelroute Ameland: Ontdek het Strandpalen Verhalenpad en geniet van een luxe verblijf bij Ameland Residence. Boek nu uw perfecte vakantie!,,,,,,,,,,"index, follow",(none = indexable),,,,,
nl,/blogs/wat-een-luxe-villa-ameland-bijzonder-maakt,https://www.ameland-residence.nl/blogs/wat-een-luxe-villa-ameland-bijzonder-maakt,200,"De ware betekenis van luxe, wat een villa op Ameland écht bijzonder maakt",,,"Luxe villa Ameland: Ervaar het verschil. Ontdek waarom absolute privacy, een eigen wellness met sauna en de rust van de duinen uw verblijf onvergetelijk maken.",,,,,,,,,,"index, follow",(none = indexable),,,,,
nl,/blogs/wat-te-doen-op-ameland-met-regen,https://www.ameland-residence.nl/blogs/wat-te-doen-op-ameland-met-regen,200,Wat te doen op Ameland met regen?,,,"Wat te doen op Ameland met regen? Ontdek de beste indoor activiteiten, culinaire hotspots en luxe ontspanning in uw villa bij Ameland Residence.",,,,,,,,,,"index, follow",(none = indexable),,,,,
nl,/blogs/weekend-weg-op-ameland-opladen-zonder-ver-te-reizen,https://www.ameland-residence.nl/blogs/weekend-weg-op-ameland-opladen-zonder-ver-te-reizen,200,Een weekend weg op Ameland? Opladen zonder ver te reizen,,,"Weekend weg op Ameland? Ontsnap aan de drukte en laad op met rust, natuur en een comfortabel verblijf op het eiland. Bekijk nu de beschikbaarheid.",,,,,,,,,,"index, follow",(none = indexable),,,,,
nl,/blogs/workation-in-een-luxe-vakantiehuis-op-ameland,https://www.ameland-residence.nl/blogs/workation-in-een-luxe-vakantiehuis-op-ameland,200,Workation in een luxe vakantiehuis op Ameland,,,Bij Ameland Residence ontdekt u de perfecte balans tussen werk en ontspanning met een luxe villa als vakantiehuis op Ameland.,,,,,,,,,,"index, follow",(none = indexable),,,,,
nl,/blogs/zonder-auto-naar-ameland-reis-zorgeloos-naar-je-verblijf,https://www.ameland-residence.nl/blogs/zonder-auto-naar-ameland-reis-zorgeloos-naar-je-verblijf,200,Zonder auto naar Ameland? Reis zorgeloos naar je verblijf,,,"Zonder auto naar Ameland? Ontdek hoe je ontspannen reist met fietsverhuur, bagageservice en comfortabel verblijf op Ameland.",,,,,,,,,,"index, follow",(none = indexable),,,,,
nl,/contact,https://www.ameland-residence.nl/contact,200,Contactgegevens | Ameland Residence,,,Wilt u contact opnemen met Ameland Residence? Bekijk op deze pagina de contactgegevens. Tel: 0513-499436. ,,,,,,,,,,"index, follow",(none = indexable),,,,,
nl,/last-minutes,https://www.ameland-residence.nl/last-minutes,200,Last minute Ameland | Ameland Residence,,,Last minute naar Ameland? Luxe vakantievilla's ✔️ Badkamer met ligbad ✔️ Sauna ✔️ Ruime tuin en terras ✅,,,,,,,,,,"index, follow",(none = indexable),,,,,
nl,/over-ameland,https://www.ameland-residence.nl/over-ameland,200,Over Ameland | Ameland Residence,,,Ameland heeft veel te bieden aan cultuur en sport en een uniek natuurgebied met een rijke dierenwereld,,,,,,,,,,"index, follow",(none = indexable),,,,,
nl,/over-ons,https://www.ameland-residence.nl/over-ons,200,Sinds 2009 luxe vakantievilla's op Ameland | Ameland Residence,,,"Inmiddels verhuurd Ameland Residence 6 vakantiewoningen, die van alle luxe zijn voorzien. Bekijk onze pagina voor meer informatie.",,,,,,,,,,"index, follow",(none = indexable),,,,,
nl,/privacy-policy,https://www.ameland-residence.nl/privacy-policy,200,Privacy Policy,,,"Om u optimaal van dienst te kunnen zijn, vragen we u soms om enkele persoonlijke gegevens te verstrekken",,,,,,,,,,"index, follow",(none = indexable),,,,,
nl,/reizen-naar-ameland-residence,https://www.ameland-residence.nl/reizen-naar-ameland-residence,200,Reizen naar Ameland Residence,,,"Reizen naar Ameland? Ontdek hoe u comfortabel en zorgeloos bij Ameland Residence komt met of zonder auto, per veerboot, fiets of openbaar vervoer.",,,,,,,,,,"index, follow",(none = indexable),,,,,
nl,/reviews,https://www.ameland-residence.nl/reviews,200,Reviews - Ameland Residence,,,,,,,,,,,,,"index, follow",(none = indexable),,,,,
nl,/sitemap,https://www.ameland-residence.nl/sitemap,200,Sitemap | Ameland Residence,,,Hier vind je alle pagina's die Ameland Residence aanbiedt,,,,,,,,,,"index, follow",(none = indexable),,,,,
nl,/vakantie-op-ameland,https://www.ameland-residence.nl/vakantie-op-ameland,200,Vakantie op Ameland boeken? | Ameland Residence,,,Op vakantie naar Ameland? Ameland Residence is koploper in luxe vakantiewoningen ✔️ Sauna ✔️ Royaal terras ✔️ Badkamer met ligbad ✔️,,,,,,,,,,"index, follow",(none = indexable),,,,,
nl,/vakantiehuis-met-sauna,https://www.ameland-residence.nl/vakantiehuis-met-sauna,200,Luxe vakantiehuis met sauna op Ameland | Ameland Residence,,,Vakantiehuis met sauna huren op Ameland? Sauna ✔️ Royaal terras ✔️ Badkamer met ligbad ✔️ Solarium ✔️,,,,,,,,,,"index, follow",(none = indexable),,,,,
nl,/video,https://www.ameland-residence.nl/video,200,Bekijk hier de video over Ameland Residence,,,"Ameland Residence verhuurd sinds 2009 luxe vakantievilla's op Ameland, die van alle luxe zijn voorzien. Bekijk onze pagina voor meer informatie.",,,,,,,,,,"index, follow",(none = indexable),,,,,
nl,/villa-s,https://www.ameland-residence.nl/villa-s,200,Luxe villa op Ameland huren | Ameland Residence,,,Villa huren op Ameland? Bekijk de luxe vakantievilla's van Ameland Residence in de duinen bij Nes en Buren ✓ Privésauna ✓ Ligbad ✓ Loopafstand van het strand,,,,,,,,,,"index, follow",(none = indexable),,,,,
nl,/villa-s/luxe-bungalow-watersnip,https://www.ameland-residence.nl/villa-s/luxe-bungalow-watersnip,200,Luxe bungalow Watersnip: met hond naar Ameland | Ameland Residence,,,Bungalow Watersnip huren op Ameland? Luxe bungalow op de Roosdunen bij Ballum waar uw hond welkom is. Met sauna en ruime tuin. Bekijk de beschikbaarheid.,,,,,,,,,,"index, follow",(none = indexable),,,,,
nl,/villa-s/villa-nova,https://www.ameland-residence.nl/villa-s/villa-nova,200,Villa Nova: moderne luxe villa op Ameland | Ameland Residence,,,"Villa Nova huren op Ameland? Moderne luxe villa in de duinen met privésauna, solarium en ruim terras. Op loopafstand van strand en Nes. Bekijk de beschikbaarheid.",,,,,,,,,,"index, follow",(none = indexable),,,,,
nl,/villa-s/villa-stern,https://www.ameland-residence.nl/villa-s/villa-stern,200,Villa Stern: luxe villa met ruime tuin op Ameland | Ameland Residence,,,"Villa Stern huren op Ameland? Luxe duinvilla met privésauna, solarium en ruime tuin met terras, op loopafstand van strand en bos. Bekijk de beschikbaarheid.",,,,,,,,,,"index, follow",(none = indexable),,,,,
nl,/villa-s/villa-zee,https://www.ameland-residence.nl/villa-s/villa-zee,200,Villa Zee: luxe 8-persoons villa met sauna | Ameland Residence,,,"Villa Zee huren? Luxe 8-persoons duinvilla bij Nes met privésauna, solarium, ligbad en zonnig terras. Op loopafstand van strand en dorp. Bekijk de beschikbaarheid.",,,,,,,,,,"index, follow",(none = indexable),,,,,
nl,/villa-s/villa-zilt,https://www.ameland-residence.nl/villa-s/villa-zilt,200,Villa Zilt: luxe duinvilla met sauna op Ameland | Ameland Residence,,,"Villa Zilt huren op Ameland? Sfeervolle duinvilla tussen Nes en het strand met privésauna, solarium en ligbad. Het hele jaar te boeken. Bekijk de beschikbaarheid.",,,,,,,,,,"index, follow",(none = indexable),,,,,
nl,/weekendje-ameland,https://www.ameland-residence.nl/weekendje-ameland,200,Boek een weekendje weg op Ameland | Ameland Residence,,,Beleef een fijn weekend weg op Ameland! Luxe vakantiehuizen met privé terras ✔️ Voorzien van zonnebank en sauna ✔️,,,,,,,,,,"index, follow",(none = indexable),,,,,
nl,/zoek-boek,https://www.ameland-residence.nl/zoek-boek,200,Zoek & boek resultaten van Ameland Residence,,,Boek hier luxe villa's en bungalows op Ameland snel en eenvoudig bij Ameland Residence,,,,,,,,,,"index, follow",(none = indexable),,,,,
